{"cameraMode":{"drawMode":0,"name":"Shaded","section":"Shading Mode"},"sceneLighting":false,"audioPlay":false,"sceneViewState":{"showFog":true,"showMaterialUpdate":false,"showSkybox":true,"showFlares":true,"showImageEffects":true,"showParticleSystems":true},"in2DMode":false,"pivot":{"x":5.960464477539063e-8,"y":1.0,"z":0.12499988079071045},"rotation":{"x":0.044364795088768008,"y":0.6548641920089722,"z":-0.038553912192583087,"w":0.7534719705581665},"size":4.226867198944092,"orthographic":false}