{"cameraMode":{"drawMode":0,"name":"Shaded","section":"Shading Mode"},"sceneLighting":false,"audioPlay":false,"sceneViewState":{"showFog":true,"showMaterialUpdate":false,"showSkybox":true,"showFlares":true,"showImageEffects":true,"showParticleSystems":true},"in2DMode":false,"pivot":{"x":0.04990708827972412,"y":1.2116411924362183,"z":0.3841838240623474},"rotation":{"x":0.044364795088768008,"y":0.6548641920089722,"z":-0.038553912192583087,"w":0.7534719705581665},"size":6.245559215545654,"orthographic":false}